Stock,Correlation
GSK.L,0.26925785
RIO.L,0.506440608
WPP.L,0.767958237