,Stock,Correlation
0,GSK.L,0.2692578495124561
1,,
2,RIO.L,0.5064406083638269
3,WPP.L,0.7679582367690719
